city_id,city_name,locality_name,value_inr_per_sqft,direction_hint,approx_distance_from_core_km,effective_date
kochi,Kochi,Marine Drive,12500.0,W,5.0,2024-04-01
kochi,Kochi,Kakkanad,6200.0,E,5.0,2024-04-01
kochi,Kochi,Edappally,8000.0,NE,5.0,2024-04-01
thiruvananthapuram,Thiruvananthapuram,Kowdiar,9500.0,N,5.0,2024-04-01
thiruvananthapuram,Thiruvananthapuram,Kazhakoottam,6500.0,NW,5.0,2024-04-01
kozhikode,Kozhikode,Vellayil,5500.0,N,5.0,2024-04-01
kozhikode,Kozhikode,Chevayur,4200.0,E,5.0,2024-04-01
thrissur,Thrissur,Town Hall,4800.0,N,5.0,2024-04-01
thrissur,Thrissur,Ramavarmapuram,3500.0,NE,5.0,2024-04-01
